Cluster,Daily_Usage_Hours,Sleep_Hours,Time_on_Social_Media,Time_on_Gaming,Time_on_Education,Academic_Performance,Self_Esteem,Anxiety_Level,Depression_Level,Parental_Control,Addiction_Level
0,4.982326820603908,6.239165186500888,2.622291296625222,1.4314387211367672,0.9642984014209591,73.84813499111901,5.55683836589698,2.685612788632327,5.103019538188277,0.5017761989342806,8.921403197158082
1,4.235431472081218,6.012081218274111,2.744365482233502,1.562741116751269,1.1498477157360405,81.02944162436548,5.544162436548223,7.723857868020304,4.534010152284264,0.42538071065989846,8.762030456852791
2,5.9392575928008995,7.336445444319461,2.0717660292463442,1.6025871766029247,0.9343082114735658,69.60067491563555,5.535433070866142,6.9043869516310465,6.9392575928008995,0.6051743532058492,8.964679415073116
